<?xml version="1.0" encoding="ISO-8859-1" standalone="no"?>
<data nextId="91">
    <chart id="88">
        <title>BBAS3 : 15</title>
        <security>17401</security>
        <securityCode>BBAS3</securityCode>
        <compression>5</compression>
        <autoScale>true</autoScale>
        <vGrid>false</vGrid>
        <hGrid>true</hGrid>
        <lastQuote>true</lastQuote>
        <showShadows>false</showShadows>
        <rulerOnClick>false</rulerOnClick>
        <showCrossType>1</showCrossType>
        <magnetize>false</magnetize>
        <topsAndBottomsReach>0</topsAndBottomsReach>
        <proceeds>false</proceeds>
        <summary>false</summary>
        <reduceToolbar>true</reduceToolbar>
        <weights>772;227</weights>
        <logScale>true</logScale>
        <gridWidth>11</gridWidth>
        <zoom>13</zoom>
        <zoomToFit>false</zoomToFit>
        <groupSize>5</groupSize>
        <adjusted>true</adjusted>
        <showVerticalToolBar>true</showVerticalToolBar>
        <showWatermark>false</showWatermark>
        <scaleMode>0</scaleMode>
        <scaleFixedInterval>1</scaleFixedInterval>
        <showCandleSummary>true</showCandleSummary>
        <creation>04012024135132</creation>
        <volumeAtPrice>
            <visible>true</visible>
            <separateAggressors>false</separateAggressors>
            <computeAggressorless>false</computeAggressorless>
            <highlightMax>true</highlightMax>
            <maxVolumesToHighlight>4</maxVolumesToHighlight>
            <showMaxVolume>false</showMaxVolume>
            <showHighestVolumesAreas>true</showHighestVolumesAreas>
            <consolidateMiniAndRegular>true</consolidateMiniAndRegular>
            <tradeUsageMode>1</tradeUsageMode>
            <dataToPlot>0</dataToPlot>
            <filter>0</filter>
            <timeFrame>7</timeFrame>
            <days>3</days>
            <transparency>55</transparency>
            <grouping>0</grouping>
            <hideVapBars>false</hideVapBars>
            <showValueArea>false</showValueArea>
            <showValueAreaLimitOnScale>false</showValueAreaLimitOnScale>
            <showValueAreaLimitLines>false</showValueAreaLimitLines>
            <vaFactor>70</vaFactor>
            <vaColor>225,225,225</vaColor>
            <vahColor>0,200,0</vahColor>
            <pocColor>255,255,0</pocColor>
            <valColor>206,0,0</valColor>
        </volumeAtPrice>
        <clusters>
            <visible>false</visible>
            <displayMode>0</displayMode>
            <dataToPlot>0</dataToPlot>
            <tradeUsageMode>0</tradeUsageMode>
            <candlesDeltaVisible>false</candlesDeltaVisible>
            <candlesVolumeVisible>false</candlesVolumeVisible>
            <buyersVolumeVisible>false</buyersVolumeVisible>
            <sellersVolumeVisible>false</sellersVolumeVisible>
            <dayDeltaVisible>false</dayDeltaVisible>
            <tradeCountVisible>false</tradeCountVisible>
            <avgTradeVolVisible>false</avgTradeVolVisible>
            <avgLevelVolVisible>false</avgLevelVolVisible>
            <pocVolVisible>false</pocVolVisible>
            <barDurationVisible>false</barDurationVisible>
            <barRangeVisible>false</barRangeVisible>
            <indicateLastAggression>false</indicateLastAggression>
            <highlightWinnerSide>false</highlightWinnerSide>
            <highlightQuantity>0</highlightQuantity>
        </clusters>
        <tpo>
            <enabled>false</enabled>
            <dataToShow>TPO_CANDLES</dataToShow>
            <daysToShow>5</daysToShow>
            <showValueArea>true</showValueArea>
            <showValueAreaLimitLines>true</showValueAreaLimitLines>
            <showValueAreaLimitOnScale>true</showValueAreaLimitOnScale>
            <valueAreaFactor>70</valueAreaFactor>
            <tpoColor>255,255,255</tpoColor>
            <vaColor>0,162,196</vaColor>
            <vahColor>0,200,0</vahColor>
            <pocColor>69,138,252</pocColor>
            <valColor>206,0,0</valColor>
        </tpo>
        <visualBook>
            <enabled>false</enabled>
            <abbreviate>false</abbreviate>
            <minQtty>0</minQtty>
            <maxQtty>0</maxQtty>
            <filterMode>1</filterMode>
            <dataToPlot>0</dataToPlot>
            <textVisibility>1</textVisibility>
        </visualBook>
        <candleChronoAlert/>
        <clockAlert/>
        <row>
            <tab label="SECURITY">
                <extendRange>114</extendRange>
                <indicator pluginId="net.sourceforge.eclipsetrader.indicators.bars">
                    <param key="lineCandle" value="128,128,128"/>
                    <param key="visible" value="true"/>
                    <param key="lineNegativeCandle" value="128,128,128"/>
                    <param key="lineThickness" value="1"/>
                    <param key="tryd.gray.TE.indicator.bars.negativeBar" value="196,0,0"/>
                    <param key="tryd.gray.TE.indicator.bars.negativeCandle" value="196,0,0"/>
                    <param key="applicable" value="true"/>
                    <param key="tryd.gray.TE.indicator.bars.positiveBar" value="0,99,198"/>
                    <param key="positiveCandle" value="0,99,198"/>
                    <param key="tryd.gray.TE.indicator.bars.negativeCandleBorder" value="102,0,0"/>
                    <param key="version" value="6.0.0.001"/>
                    <param key="tryd.gray.TE.indicator.bars.positiveCandle" value="0,99,198"/>
                    <param key="neutralBar" value="95,95,95"/>
                    <param key="thinBars" value="true"/>
                    <param key="tryd.gray.TE.indicator.line" value="248,202,139"/>
                    <param key="negativeCandle" value="196,0,0"/>
                    <param key="positiveBar" value="0,99,198"/>
                    <param key="tryd.gray.TE.indicator.bars.positiveCandleBorder" value="0,0,51"/>
                    <param key="lineType" value="4"/>
                    <param key="negativeBar" value="196,0,0"/>
                    <param key="barType" value="8"/>
                    <param key="tryd.gray.TE.indicator.bars.neutralBar" value="95,95,95"/>
                    <param key="locked" value="false"/>
                    <param key="scaleFlag" value="false"/>
                </indicator>
            </tab>
        </row>
        <row>
            <tab label="Saldo de Agress�o">
                <extendRange>557</extendRange>
                <indicator pluginId="net.sourceforge.eclipsetrader.indicators.SA">
                    <param key="showValuesAsText" value="true"/>
                    <param key="showData" value="true"/>
                    <param key="visible" value="true"/>
                    <param key="brakePeriod" value="0"/>
                    <param key="applicable" value="true"/>
                    <param key="tradeUsageMode" value="1"/>
                    <param key="version" value="6.8.3.999"/>
                    <param key="fraction" value="2"/>
                    <param key="shorten" value="false"/>
                    <param key="tryd.gray.TE.indicator.sa.values" value="0,0,0"/>
                    <param key="locked" value="false"/>
                    <param key="diffLineType" value="3"/>
                    <param key="diffThickness" value="1"/>
                </indicator>
            </tab>
        </row>
    </chart>
    <chart id="89">
        <title>BBAS3 : 5</title>
        <security>17401</security>
        <securityCode>BBAS3</securityCode>
        <compression>3</compression>
        <autoScale>true</autoScale>
        <vGrid>false</vGrid>
        <hGrid>true</hGrid>
        <lastQuote>true</lastQuote>
        <showShadows>false</showShadows>
        <rulerOnClick>false</rulerOnClick>
        <showCrossType>1</showCrossType>
        <magnetize>false</magnetize>
        <topsAndBottomsReach>0</topsAndBottomsReach>
        <proceeds>false</proceeds>
        <summary>false</summary>
        <reduceToolbar>false</reduceToolbar>
        <weights>772;227</weights>
        <logScale>true</logScale>
        <gridWidth>9</gridWidth>
        <zoom>10</zoom>
        <zoomToFit>false</zoomToFit>
        <groupSize>5</groupSize>
        <adjusted>true</adjusted>
        <showVerticalToolBar>true</showVerticalToolBar>
        <showWatermark>false</showWatermark>
        <scaleMode>0</scaleMode>
        <scaleFixedInterval>1</scaleFixedInterval>
        <showCandleSummary>true</showCandleSummary>
        <creation>04012024144652</creation>
        <volumeAtPrice>
            <visible>true</visible>
            <separateAggressors>false</separateAggressors>
            <computeAggressorless>false</computeAggressorless>
            <highlightMax>true</highlightMax>
            <maxVolumesToHighlight>4</maxVolumesToHighlight>
            <showMaxVolume>false</showMaxVolume>
            <showHighestVolumesAreas>true</showHighestVolumesAreas>
            <consolidateMiniAndRegular>true</consolidateMiniAndRegular>
            <tradeUsageMode>1</tradeUsageMode>
            <dataToPlot>0</dataToPlot>
            <filter>0</filter>
            <timeFrame>7</timeFrame>
            <days>3</days>
            <transparency>55</transparency>
            <grouping>0</grouping>
            <hideVapBars>false</hideVapBars>
            <showValueArea>false</showValueArea>
            <showValueAreaLimitOnScale>false</showValueAreaLimitOnScale>
            <showValueAreaLimitLines>false</showValueAreaLimitLines>
            <vaFactor>70</vaFactor>
            <vaColor>225,225,225</vaColor>
            <vahColor>0,200,0</vahColor>
            <pocColor>255,255,0</pocColor>
            <valColor>206,0,0</valColor>
        </volumeAtPrice>
        <clusters>
            <visible>false</visible>
            <displayMode>0</displayMode>
            <dataToPlot>0</dataToPlot>
            <tradeUsageMode>0</tradeUsageMode>
            <candlesDeltaVisible>false</candlesDeltaVisible>
            <candlesVolumeVisible>false</candlesVolumeVisible>
            <buyersVolumeVisible>false</buyersVolumeVisible>
            <sellersVolumeVisible>false</sellersVolumeVisible>
            <dayDeltaVisible>false</dayDeltaVisible>
            <tradeCountVisible>false</tradeCountVisible>
            <avgTradeVolVisible>false</avgTradeVolVisible>
            <avgLevelVolVisible>false</avgLevelVolVisible>
            <pocVolVisible>false</pocVolVisible>
            <barDurationVisible>false</barDurationVisible>
            <barRangeVisible>false</barRangeVisible>
            <indicateLastAggression>false</indicateLastAggression>
            <highlightWinnerSide>false</highlightWinnerSide>
            <highlightQuantity>0</highlightQuantity>
        </clusters>
        <tpo>
            <enabled>false</enabled>
            <dataToShow>TPO_CANDLES</dataToShow>
            <daysToShow>5</daysToShow>
            <showValueArea>true</showValueArea>
            <showValueAreaLimitLines>true</showValueAreaLimitLines>
            <showValueAreaLimitOnScale>true</showValueAreaLimitOnScale>
            <valueAreaFactor>70</valueAreaFactor>
            <tpoColor>255,255,255</tpoColor>
            <vaColor>0,162,196</vaColor>
            <vahColor>0,200,0</vahColor>
            <pocColor>69,138,252</pocColor>
            <valColor>206,0,0</valColor>
        </tpo>
        <visualBook>
            <enabled>false</enabled>
            <abbreviate>false</abbreviate>
            <minQtty>0</minQtty>
            <maxQtty>0</maxQtty>
            <filterMode>1</filterMode>
            <dataToPlot>0</dataToPlot>
            <textVisibility>1</textVisibility>
        </visualBook>
        <candleChronoAlert/>
        <clockAlert/>
        <row>
            <tab label="SECURITY">
                <extendRange>618</extendRange>
                <indicator pluginId="net.sourceforge.eclipsetrader.indicators.bars">
                    <param key="lineCandle" value="128,128,128"/>
                    <param key="visible" value="true"/>
                    <param key="lineNegativeCandle" value="128,128,128"/>
                    <param key="lineThickness" value="1"/>
                    <param key="tryd.gray.TE.indicator.bars.negativeBar" value="196,0,0"/>
                    <param key="tryd.gray.TE.indicator.bars.negativeCandle" value="196,0,0"/>
                    <param key="applicable" value="true"/>
                    <param key="tryd.gray.TE.indicator.bars.positiveBar" value="0,99,198"/>
                    <param key="positiveCandle" value="0,99,198"/>
                    <param key="tryd.gray.TE.indicator.bars.negativeCandleBorder" value="102,0,0"/>
                    <param key="version" value="6.0.0.001"/>
                    <param key="tryd.gray.TE.indicator.bars.positiveCandle" value="0,99,198"/>
                    <param key="neutralBar" value="95,95,95"/>
                    <param key="thinBars" value="true"/>
                    <param key="tryd.gray.TE.indicator.line" value="248,202,139"/>
                    <param key="negativeCandle" value="196,0,0"/>
                    <param key="positiveBar" value="0,99,198"/>
                    <param key="tryd.gray.TE.indicator.bars.positiveCandleBorder" value="0,0,51"/>
                    <param key="lineType" value="4"/>
                    <param key="negativeBar" value="196,0,0"/>
                    <param key="barType" value="8"/>
                    <param key="tryd.gray.TE.indicator.bars.neutralBar" value="95,95,95"/>
                    <param key="locked" value="false"/>
                    <param key="scaleFlag" value="false"/>
                </indicator>
            </tab>
        </row>
        <row>
            <tab label="Saldo de Agress�o">
                <extendRange>61</extendRange>
                <indicator pluginId="net.sourceforge.eclipsetrader.indicators.SA">
                    <param key="showValuesAsText" value="true"/>
                    <param key="showData" value="true"/>
                    <param key="visible" value="true"/>
                    <param key="brakePeriod" value="0"/>
                    <param key="applicable" value="true"/>
                    <param key="tradeUsageMode" value="1"/>
                    <param key="version" value="6.8.3.999"/>
                    <param key="fraction" value="2"/>
                    <param key="shorten" value="false"/>
                    <param key="tryd.gray.TE.indicator.sa.values" value="0,0,0"/>
                    <param key="locked" value="false"/>
                    <param key="diffLineType" value="3"/>
                    <param key="diffThickness" value="1"/>
                </indicator>
            </tab>
        </row>
    </chart>
</data>
