<?xml version="1.0" encoding="ISO-8859-1" standalone="no"?>
<data nextId="11">
    <watchlist id="1">
        <title>DayTrade</title>
        <style>0</style>
        <aggressorCalcMode>1</aggressorCalcMode>
        <columns>
            <column id="watchlist.code"/>
            <column id="watchlist.agressorTradesBalance"/>
            <column id="watchlist.agressorBalance"/>
            <column id="watchlist.changePoint"/>
            <column id="watchlist.changePercent"/>
            <column id="watchlist.lastPrice"/>
            <column id="watchlist.closePrice"/>
            <column id="watchlist.previousAdjustedClose"/>
            <column id="watchlist.openPrice"/>
            <column id="watchlist.lowPrice"/>
            <column id="watchlist.highPrice"/>
            <column id="watchlist.state"/>
        </columns>
        <items>
            <security id="327339"/>
            <security id="298340"/>
            <security id="9335"/>
            <security id="21201"/>
            <security id="68753"/>
            <security id="20821"/>
            <security id="19997"/>
            <security id="26960"/>
            <security id="17401"/>
        </items>
    </watchlist>
    <watchlist id="9">
        <title>Juros</title>
        <style>0</style>
        <aggressorCalcMode>0</aggressorCalcMode>
        <columns>
            <column id="watchlist.code"/>
            <column id="watchlist.agressorTradesBalance"/>
            <column id="watchlist.agressorBalance"/>
            <column id="watchlist.changePoint"/>
            <column id="watchlist.changePercent"/>
            <column id="watchlist.lastPrice"/>
            <column id="watchlist.closePrice"/>
            <column id="watchlist.previousAdjustedClose"/>
            <column id="watchlist.openPrice"/>
            <column id="watchlist.lowPrice"/>
            <column id="watchlist.highPrice"/>
            <column id="watchlist.state"/>
        </columns>
        <items>
            <security id="12130"/>
            <security id="12131"/>
            <security id="39282"/>
            <security id="39339"/>
            <security id="12193"/>
            <security id="12186"/>
            <security id="138514"/>
            <security id="319910"/>
            <security id="231263"/>
        </items>
    </watchlist>
    <watchlist id="10">
        <title>Indices Setoriais</title>
        <style>0</style>
        <aggressorCalcMode>0</aggressorCalcMode>
        <columns>
            <column id="watchlist.code"/>
            <column id="watchlist.description"/>
            <column id="watchlist.lastPrice"/>
            <column id="watchlist.change"/>
            <column id="watchlist.bidPrice"/>
            <column id="watchlist.askPrice"/>
            <column id="watchlist.volume"/>
            <column id="watchlist.time"/>
        </columns>
        <items/>
    </watchlist>
</data>
