<?xml version="1.0" encoding="ISO-8859-1" standalone="no"?>
<data nextId="88">
    <chart id="87">
        <title>DOLX20 : 5P</title>
        <security>213316</security>
        <securityCode>DOLX20</securityCode>
        <compression>1005</compression>
        <autoScale>true</autoScale>
        <vGrid>false</vGrid>
        <hGrid>true</hGrid>
        <lastQuote>true</lastQuote>
        <showShadows>false</showShadows>
        <rulerOnClick>false</rulerOnClick>
        <showCrossType>1</showCrossType>
        <magnetize>false</magnetize>
        <topsAndBottomsReach>0</topsAndBottomsReach>
        <proceeds>false</proceeds>
        <summary>false</summary>
        <reduceToolbar>true</reduceToolbar>
        <weights>750;250</weights>
        <logScale>false</logScale>
        <gridWidth>54</gridWidth>
        <zoomToFit>true</zoomToFit>
        <groupSize>5</groupSize>
        <adjusted>true</adjusted>
        <showVerticalToolBar>false</showVerticalToolBar>
        <showWatermark>false</showWatermark>
        <scaleMode>0</scaleMode>
        <scaleFixedInterval>1</scaleFixedInterval>
        <showCandleSummary>true</showCandleSummary>
        <creation>27042020014114</creation>
        <volumeAtPrice>
            <visible>true</visible>
            <separateAggressors>false</separateAggressors>
            <computeAggressorless>false</computeAggressorless>
            <highlightMax>true</highlightMax>
            <maxVolumesToHighlight>1</maxVolumesToHighlight>
            <showMaxVolume>false</showMaxVolume>
            <showHighestVolumesAreas>true</showHighestVolumesAreas>
            <tradeUsageMode>0</tradeUsageMode>
            <dataToPlot>0</dataToPlot>
            <filter>0</filter>
            <timeFrame>7</timeFrame>
            <days>1</days>
            <transparency>55</transparency>
            <grouping>0</grouping>
            <hideVapBars>false</hideVapBars>
            <showValueArea>false</showValueArea>
            <showValueAreaLimitOnScale>false</showValueAreaLimitOnScale>
            <showValueAreaLimitLines>false</showValueAreaLimitLines>
            <vaFactor>70</vaFactor>
            <vaColor>225,225,225</vaColor>
            <vahColor>0,200,0</vahColor>
            <pocColor>255,255,0</pocColor>
            <valColor>206,0,0</valColor>
        </volumeAtPrice>
        <clusters>
            <visible>false</visible>
            <displayMode>0</displayMode>
            <dataToPlot>0</dataToPlot>
            <tradeUsageMode>0</tradeUsageMode>
            <candlesDeltaVisible>false</candlesDeltaVisible>
            <candlesVolumeVisible>false</candlesVolumeVisible>
            <buyersVolumeVisible>false</buyersVolumeVisible>
            <sellersVolumeVisible>false</sellersVolumeVisible>
            <dayDeltaVisible>false</dayDeltaVisible>
            <tradeCountVisible>false</tradeCountVisible>
            <avgTradeVolVisible>false</avgTradeVolVisible>
            <avgLevelVolVisible>false</avgLevelVolVisible>
            <pocVolVisible>false</pocVolVisible>
            <barDurationVisible>false</barDurationVisible>
            <barRangeVisible>false</barRangeVisible>
            <indicateLastAggression>false</indicateLastAggression>
            <highlightWinnerSide>false</highlightWinnerSide>
            <highlightQuantity>0</highlightQuantity>
        </clusters>
        <tpo>
            <enabled>false</enabled>
            <dataToShow>TPO_CANDLES</dataToShow>
            <daysToShow>5</daysToShow>
            <showValueArea>true</showValueArea>
            <showValueAreaLimitLines>true</showValueAreaLimitLines>
            <showValueAreaLimitOnScale>true</showValueAreaLimitOnScale>
            <valueAreaFactor>70</valueAreaFactor>
            <tpoColor>255,255,255</tpoColor>
            <vaColor>0,162,196</vaColor>
            <vahColor>0,200,0</vahColor>
            <pocColor>69,138,252</pocColor>
            <valColor>206,0,0</valColor>
        </tpo>
        <visualBook>
            <enabled>false</enabled>
            <abbreviate>false</abbreviate>
            <minQtty>0</minQtty>
            <maxQtty>0</maxQtty>
            <filterMode>1</filterMode>
            <dataToPlot>0</dataToPlot>
            <textVisibility>1</textVisibility>
        </visualBook>
        <candleChronoAlert/>
        <row>
            <tab label="SECURITY">
                <extendRange>159</extendRange>
                <indicator pluginId="net.sourceforge.eclipsetrader.indicators.bars">
                    <param key="neutralBar" value="95,95,95"/>
                    <param key="lineCandle" value="128,128,128"/>
                    <param key="visible" value="true"/>
                    <param key="lineNegativeCandle" value="128,128,128"/>
                    <param key="negativeCandle" value="196,0,0"/>
                    <param key="positiveBar" value="0,99,198"/>
                    <param key="negativeBar" value="196,0,0"/>
                    <param key="applicable" value="true"/>
                    <param key="barType" value="8"/>
                    <param key="scaleFlag" value="false"/>
                    <param key="positiveCandle" value="0,99,198"/>
                </indicator>
            </tab>
        </row>
        <row>
            <tab label="SA">
                <extendRange>0</extendRange>
                <indicator pluginId="net.sourceforge.eclipsetrader.indicators.SA">
                    <param key="showValuesAsText" value="true"/>
                    <param key="showData" value="true"/>
                    <param key="visible" value="true"/>
                    <param key="brakePeriod" value="0"/>
                    <param key="applicable" value="true"/>
                    <param key="tradeUsageMode" value="1"/>
                    <param key="sellersColor" value="255,0,0"/>
                    <param key="fraction" value="2"/>
                    <param key="shorten" value="false"/>
                    <param key="zeroColor" value="255,255,255"/>
                    <param key="buyersColor" value="0,255,128"/>
                    <param key="valuesAsTextColor" value="255,255,255"/>
                    <param key="locked" value="false"/>
                    <param key="diffLineType" value="3"/>
                    <param key="diffThickness" value="2"/>
                </indicator>
            </tab>
        </row>
    </chart>
</data>
