<?xml version="1.0" encoding="ISO-8859-1" standalone="no"?>
<data nextId="7">
    <watchlist id="1">
        <title>DayTrade</title>
        <style>0</style>
        <aggressorCalcMode>1</aggressorCalcMode>
        <columns>
            <column id="watchlist.code"/>
            <column id="watchlist.changePoint"/>
            <column id="watchlist.changePercent"/>
            <column id="watchlist.lastPrice"/>
            <column id="watchlist.openPrice"/>
            <column id="watchlist.lowPrice"/>
            <column id="watchlist.highPrice"/>
            <column id="watchlist.closePrice"/>
            <column id="watchlist.previousAdjustedClose"/>
            <column id="watchlist.agressorBalance"/>
            <column id="1561469602677_ucawuwjqodxz"/>
        </columns>
        <items>
            <spacer id="1">
                <backgroundMode>STRIPED</backgroundMode>
            </spacer>
            <security id="12134"/>
            <security id="12137"/>
            <security id="12130"/>
            <security id="39282"/>
            <spacer id="2">
                <backgroundMode>STRIPED</backgroundMode>
            </spacer>
            <security id="111516"/>
            <security id="9335"/>
            <security id="9314"/>
            <security id="9212"/>
            <security id="9230"/>
            <security id="9223"/>
            <security id="5032"/>
            <security id="20975"/>
            <security id="9776"/>
            <security id="8758"/>
            <security id="6479"/>
            <security id="6941"/>
            <security id="10287"/>
            <security id="21034"/>
            <security id="9844"/>
            <spacer id="3">
                <backgroundMode>STRIPED</backgroundMode>
            </spacer>
            <security id="21201"/>
            <security id="6103"/>
            <security id="20821"/>
            <security id="19996"/>
            <security id="26959"/>
            <security id="17401"/>
            <spacer id="4">
                <backgroundMode>STRIPED</backgroundMode>
            </spacer>
            <security id="27329"/>
        </items>
    </watchlist>
    <watchlist id="6">
        <title>Dolar</title>
        <style>0</style>
        <aggressorCalcMode>0</aggressorCalcMode>
        <columns>
            <column id="1561469602677_ucawuwjqodxz"/>
            <column id="watchlist.changePercent"/>
            <column id="watchlist.previousAdjustedClose"/>
            <column id="1535484999905_ulvtgqtejmsa"/>
            <column id="watchlist.agressorBalance"/>
            <column id="watchlist.volume"/>
            <column id="watchlist.state"/>
        </columns>
        <items/>
    </watchlist>
</data>
