<?xml version="1.0" encoding="ISO-8859-1" standalone="no"?>
<data nextId="7">
    <watchlist id="1">
        <title>DayTrade</title>
        <style>0</style>
        <aggressorCalcMode>1</aggressorCalcMode>
        <columns>
            <column id="watchlist.code"/>
            <column id="watchlist.changePoint"/>
            <column id="watchlist.changePercent"/>
            <column id="watchlist.lastPrice"/>
            <column id="watchlist.openPrice"/>
            <column id="watchlist.lowPrice"/>
            <column id="watchlist.highPrice"/>
            <column id="watchlist.closePrice"/>
            <column id="watchlist.previousAdjustedClose"/>
            <column id="watchlist.agressorBalance"/>
        </columns>
        <items>
            <security id="193154"/>
            <security id="233294"/>
            <spacer id="2">
                <backgroundMode>STRIPED</backgroundMode>
            </spacer>
            <security id="12134"/>
            <security id="12137"/>
            <security id="12130"/>
            <security id="39282"/>
            <spacer id="3">
                <backgroundMode>STRIPED</backgroundMode>
            </spacer>
            <security id="9335"/>
            <security id="70316"/>
            <security id="81093"/>
        </items>
    </watchlist>
    <watchlist id="6">
        <title>Dolar</title>
        <style>0</style>
        <aggressorCalcMode>0</aggressorCalcMode>
        <columns>
            <column id="1561469602677_ucawuwjqodxz"/>
            <column id="watchlist.changePercent"/>
            <column id="watchlist.previousAdjustedClose"/>
            <column id="1535484999905_ulvtgqtejmsa"/>
            <column id="watchlist.agressorBalance"/>
            <column id="watchlist.volume"/>
            <column id="watchlist.state"/>
        </columns>
        <items>
            <security id="193154"/>
        </items>
    </watchlist>
</data>
